ideology,conv,entry,color,skill,difficulty,modifiers,flag,text,success_nodes,failure_nodes,failure_inferred,branch_conditions,tasks_success,tasks_failure,refs_other_convs,fail_preview,verdict_code,verdict,also_in
Communism,362,49,Red,Physical Instrument,11,6,apt.student_rc_not_too_hard,"Hit him, but not too hard.",51,52,False,"51: 'Variable[""apt.student_rc_not_too_hard""]' | 52: '(Variable[""apt.student_rc_not_too_hard""]) == false'",6,6,1,"As with all applications of violence, the key is the appropriate amoun",no_loss,no loss of progression,
Communism,362,1217,Red,Physical Instrument,11,6,apt.student_rc_very_hard,Hit him as hard as you can.,1219,1220,False,"1219: 'Variable[""apt.student_rc_very_hard""]' | 1220: '(Variable[""apt.student_rc_very_hard""]) == false'",6,6,1,"OH YEAH, we're gonna spin this kid like a top!",no_loss,no loss of progression,
Communism,362,1258,White,Composure,6,6,apt.student_composure_wc,Convince them you belong in the reading group.,1260,1261,False,"1260: 'Variable[""apt.student_composure_wc""]' | 1261: '(Variable[""apt.student_composure_wc""]) == false'",6,6,0,Remember: Where most people go wrong is in thinking they have to hide ,no_loss,no loss of progression,
Communism,362,1762,Red,Rhetoric,12,9,apt.student_rhetoric_rc_question,Ask the most important question about communism.,1764,1765,False,"1764: 'Variable[""apt.student_rhetoric_rc_question""]' | 1765: '(Variable[""apt.student_rhetoric_rc_question""]) == false'",6,6,2,The question you mean to ask is both very complicated and incredibly s,no_loss,no loss of progression,
Communism,379,19,White,Inland Empire,4,4,gates.manana_initiate_tequila_sunset,"""Okay, I have a name for myself, it's...""",21,22,False,"21: 'Variable[""gates.manana_initiate_tequila_sunset""]' | 22: '(Variable[""gates.manana_initiate_tequila_sunset""]) == false'",4,4,2,"The encroaching doom is golden red. It is inside you, but also outside",no_loss,no loss of progression,
Communism,379,438,Red,Hand/Eye Coordination,2,1,gates.manana_redcheck_handeye_coin,Try to catch it.,440,441,False,"440: 'Variable[""gates.manana_redcheck_handeye_coin""]' | 441: '(Variable[""gates.manana_redcheck_handeye_coin""]) == false'",4,4,0,The coin lands into your hand as if it has always belonged there. The ,no_loss,no loss of progression,
Communism,944,147,Red,Conceptualization,6,4,pier.cindy_concept_rc_succeeded,Attempt to explain your artistic intentions.,149,150,False,"149: 'Variable[""pier.cindy_concept_rc_succeeded""]' | 150: '(Variable[""pier.cindy_concept_rc_succeeded""]) == false'",4,4,0,"You don't have the skills to execute something like this in practice, ",no_loss,no loss of progression,Ultraliberalism
Communism,944,604,White,Suggestion,5,7,pier.cindy_art_wc_success,Convince her to show you her art.,606,607,False,"606: 'Variable[""pier.cindy_art_wc_success""]' | 607: '(Variable[""pier.cindy_art_wc_success""]) == false'",4,4,0,"Sure, she's all draped up in ironic detachment, but everyone's gotta e",no_loss,no loss of progression,Ultraliberalism
Fascism,10,3,White,Electrochemistry,6,6,whirling.mirror_subdued_expression,Attempt to stop *The Expression* from happening.,5,6,False,"5: 'Variable[""whirling.mirror_subdued_expression""]' | 6: '(Variable[""whirling.mirror_subdued_expression""]) == false'",2,2,0,"It's like something snaps in you -- a nerve ending, a thought, a sadne",no_loss,no loss of progression,
Fascism,10,186,Red,Endurance,6,10,whirling.mirror_endurance_rc,Face yourself.,188,189,False,"188: 'Variable[""whirling.mirror_endurance_rc""]' | 189: '(Variable[""whirling.mirror_endurance_rc""]) == false'",2,2,3,"It's time you knew the truth, bröther.",no_loss,no loss of progression,
Fascism,10,305,White,Interfacing,3,2,whirling.mirror_interfacing_white_check_succeeded,Use your chaincutters to fix the faucet. Stop steam from fogging up the mirror.,307,308,False,"307: 'Variable[""whirling.mirror_interfacing_white_check_succeeded""]' | 308: '(Variable[""whirling.mirror_interfacing_white_check_succeeded""]) == false'",2,2,0,"The faucet is quite terribly mangled, but you just might be able to tw",no_loss,no loss of progression,
Fascism,10,423,White,Encyclopedia,11,2,whirling.mirror_expression_source_located,Dig deep into your mind to locate the source of *The Expression*.,425,426,False,"425: 'Variable[""whirling.mirror_expression_source_located""]' | 426: '(Variable[""whirling.mirror_expression_source_located""]) == false'",2,2,12,It belongs in The New -- the third decade of the current century. Enou,no_loss,no loss of progression,
Fascism,635,942,Red,Rhetoric,2,1,pier.joyce_redcheck_rhet_we_employers,*We*? She generally avoids that term with her employers.,944,945,False,"944: 'Variable[""pier.joyce_redcheck_rhet_we_employers""]' | 945: '(Variable[""pier.joyce_redcheck_rhet_we_employers""]) == false'",1,1,0,There are no employers. She's a member of the board. Probably a partne,no_loss,no loss of progression,
Fascism,850,70,White,Suggestion,13,5,plaza.measurehead_facha_dq_wc_to_get_him_to_talk,How do I get him to talk to me mano-a-mano?,72,73,False,"72: 'Variable[""plaza.measurehead_facha_dq_wc_to_get_him_to_talk""]' | 73: '(Variable[""plaza.measurehead_facha_dq_wc_to_get_him_to_talk""]) == false'",0,0,4,It's obvious -- you need to steer the conversation to the topic that i,no_downstream,no quest progression downstream,
Ultraliberalism,546,2,White,Encyclopedia,10,3,jam.monument_white_succeeded,What did this king do?,4,5,False,"4: 'Variable[""jam.monument_white_succeeded""]' | 5: '(Variable[""jam.monument_white_succeeded""]) == false'",4,4,0,"Even by the standards of the Filippian kings, Old Sumptuous Filippe wa",no_loss,no loss of progression,
Ultraliberalism,944,147,Red,Conceptualization,6,4,pier.cindy_concept_rc_succeeded,Attempt to explain your artistic intentions.,149,150,False,"149: 'Variable[""pier.cindy_concept_rc_succeeded""]' | 150: '(Variable[""pier.cindy_concept_rc_succeeded""]) == false'",2,2,0,"You don't have the skills to execute something like this in practice, ",no_loss,no loss of progression,Communism
Ultraliberalism,944,604,White,Suggestion,5,7,pier.cindy_art_wc_success,Convince her to show you her art.,606,607,False,"606: 'Variable[""pier.cindy_art_wc_success""]' | 607: '(Variable[""pier.cindy_art_wc_success""]) == false'",2,2,0,"Sure, she's all draped up in ironic detachment, but everyone's gotta e",no_loss,no loss of progression,Communism
Ultraliberalism,997,211,Red,Conceptualization,5,4,cargo.mrlb_concept_wcheck,Present a sound investment plan.,213,214,False,"213: 'Variable[""cargo.mrlb_concept_wcheck""]' | 214: '(Variable[""cargo.mrlb_concept_wcheck""]) == false'",2,2,0,Deploying high-concept buzzword generator. All systems functional: Rea,no_loss,no loss of progression,
Ultraliberalism,997,673,Red,Conceptualization,5,4,cargo.mrlb_concept_wcheck2,Present an investment plan that is sure to fail.,675,676,False,"675: 'Variable[""cargo.mrlb_concept_wcheck2""]' | 676: '(Variable[""cargo.mrlb_concept_wcheck2""]) == false'",2,2,0,What's worse than throwing money at something that's already failed?,no_loss,no loss of progression,
Moralism,29,634,White,Logic,11,5,whirling.kim_red_logic_why_sent,Why did the 41st send me?,636,637,False,"636: 'Variable[""whirling.kim_red_logic_why_sent""]' | 637: '(Variable[""whirling.kim_red_logic_why_sent""]) == false'",4,4,0,Look at you -- it's because you're a failure. They sent you to *slight,no_loss,no loss of progression,
Moralism,29,1008,White,Inland Empire,4,2,whirling.kim_inland_mystery_created,Convince Kim there's a sexy dark mystery twist in the case.,1010,1011,False,"1010: 'Variable[""whirling.kim_inland_mystery_created""]' | 1011: '(Variable[""whirling.kim_inland_mystery_created""]) == false'",4,4,0,What if *you* did it?,no_loss,no loss of progression,
Moralism,368,319,Red,Empathy,12,10,jam.warship_empathy_rc_success,Convince her you need to address the Committee.,321,322,False,"321: 'Variable[""jam.warship_empathy_rc_success""]' | 322: '(Variable[""jam.warship_empathy_rc_success""]) == false'",2,2,2,"This isn't about you, not really. It may have been at a certain point,",no_loss,no loss of progression,
Moralism,368,919,Red,Interfacing,5,7,jam.warship_interfacing_rc_success,Attempt to narrow the receiving mode manually.,921,922,False,"921: 'Variable[""jam.warship_interfacing_rc_success""]' | 922: '(Variable[""jam.warship_interfacing_rc_success""]) == false'",2,2,14,"Your grip is firm, yet controlled. The swelling in your headset guides",no_loss,no loss of progression,
Moralism,380,177,White,Conceptualization,4,6,ice.noid_concept_wc_success,Come up with a site for a mega-longwave radio antenna.,179,180,False,"179: 'Variable[""ice.noid_concept_wc_success""]' | 180: '(Variable[""ice.noid_concept_wc_success""]) == false'",10,10,0,Close your eyes. Unfold your mental map of Martinaise. It's morning. Y,no_loss,no loss of progression,
Moralism,380,894,White,Conceptualization,5,5,ice.noid_protorave_aesthetic_conceptualization_done,"Internalize the hard core aesthetic. Don't just nod along, really *feel* it.",896,897,False,"896: 'Variable[""ice.noid_protorave_aesthetic_conceptualization_done""]' | 897: '(Variable[""ice.noid_protorave_aesthetic_conceptualization_done""]) == false'",10,10,7,Dedicated. Hyperactive. Unified. You will have to add something of you,no_loss,no loss of progression,
Moralism,549,752,Red,Drama,3,3,apt.sunday_accuse_drama_rc,Pin it on someone else.,754,755,False,"754: 'Variable[""apt.sunday_accuse_drama_rc""]' | 755: '(Variable[""apt.sunday_accuse_drama_rc""]) == false'",3,3,0,"Now's your chance, ssssire. Which of your enemies would you most like ",no_loss,no loss of progression,
Moralism,558,263,White,Logic,5,6,church.soona_logic_pale_whitecheck,Form a theory on the two-millimetre hole in the world.,265,266,False,"265: 'Variable[""church.soona_logic_pale_whitecheck""]' | 266: '(Variable[""church.soona_logic_pale_whitecheck""]) == false'",8,8,4,You don't have to. You already *have*. A long time ago.,no_loss,no loss of progression,
Moralism,558,958,White,Suggestion,2,4,church.soona_suggestion_whitecheck,Convince her to cooperate with the ravers.,960,961,False,"960: 'Variable[""church.soona_suggestion_whitecheck""]' | 961: '(Variable[""church.soona_suggestion_whitecheck""]) == false'",8,8,0,"Hey, what makes the world go round?",no_loss,no loss of progression,
Moralism,558,1164,White,Half Light,11,2,church.soona_redcheck_half_light,Evict her.,1166,1167,False,"1166: 'Variable[""church.soona_redcheck_half_light""]' | 1167: '(Variable[""church.soona_redcheck_half_light""]) == false'",8,8,0,"All you hear is the accelerated heart rate in your ears, pounding at 1",no_loss,no loss of progression,
Moralism,558,1273,White,Conceptualization,4,6,church.soona_concept_wc_success,Come up with a site for a mega-longwave radio antenna.,1275,1276,False,"1275: 'Variable[""church.soona_concept_wc_success""]' | 1276: '(Variable[""church.soona_concept_wc_success""]) == false'",8,8,0,Close your eyes. Unfold your mental map of Martinaise. It's morning. Y,no_loss,no loss of progression,
Moralism,558,1354,White,Perception (Hearing),4,4,church.soona_whitecheck_perc,Put on the headphones.,1356,1357,False,"1356: 'Variable[""church.soona_whitecheck_perc""]' | 1357: '(Variable[""church.soona_whitecheck_perc""]) == false'",8,8,0,Everything disappears. You are draped in silence like a drowning man s,no_loss,no loss of progression,
Moralism,892,186,White,Composure,4,3,whirling.smoker_whitecheck_composure,What is it about the way he carries himself?,188,189,False,"188: 'Variable[""whirling.smoker_whitecheck_composure""]' | 189: '(Variable[""whirling.smoker_whitecheck_composure""]) == false'",3,3,0,Could he be... a member of the *homo-sexual underground*?,no_loss,no loss of progression,
